{"metadata":{"asset_id":"705843da-754f-4f97-84e7-89e40a8b3737","asset_attributes":["notebook"],"name":"Linear Regression","asset_type":"notebook","created_at":"2023-10-28T12:37:28Z","description":"","origin_country":"us","owner_id":"IBMid-6680014CBC","project_id":"c2758e6c-28d7-4299-b37f-8cdce362a716","size":34432,"tags":["notebook"],"usage":{"last_update_time":1698498026017,"last_updated_at":"2023-10-28T13:00:26Z"}},"entity":{"notebook":{"kernel":{"name":"python3","display_name":"Python 3.10","language":"python"},"originates_from":{"type":"blank"},"runtime":{"environment":"rt222pys1-c2758e6c-28d7-4299-b37f-8cdce362a716"}},"location_definition":{"physical_location_code":"FRA","physical_location_code_assigned_by":"IBMid-6680014CBC","physical_location_code_rds_id":"c57cb90f-2126-3800-9c9f-9eab82021cdf","physical_location_code_rds_version":"00002023-1028-4121-8305-313970000000_4","physical_location_code_assignment_method":"INFERRED","physical_location_code_added_on":"1698496649017"}},"attachments":[{"id":"4a2accef-eb7e-49e8-a38a-4d5264a89452","version":2,"asset_type":"notebook","name":"attachment for notebook 705843da-754f-4f97-84e7-89e40a8b3737","description":"attachment for notebook 705843da-754f-4f97-84e7-89e40a8b3737","mime":"application/json","datasource_type":"193a97c1-4475-4a19-b90c-295c4fdc6517","object_key":"notebook/Linear_Regression_Cpc23_-dF.ipynb","creator_id":"IBMid-6680014CBC","create_time":1698496649017,"size":34432,"is_remote":false,"is_managed":false,"is_referenced":true,"is_object_key_read_only":false,"is_user_provided_path_key":true,"transfer_complete":true,"is_partitioned":false,"complete_time_ticks":1698496649017,"user_data":{},"test_doc":0,"handle":{"bucket":"mlinsurance-donotdelete-pr-cd7izpy9oe2v0s","location":"eu-de","type":"bluemix_cos","key":"notebook/Linear_Regression_Cpc23_-dF.ipynb","upload_id":"done","max_part_num":1},"usage":{"access_count":7,"last_accessor_id":"IBMid-6680014CBC","last_access_time":1698498026013,"last_updater_id":"IBMid-6680014CBC","last_update_time":1698498026013}}]}
